{"stats":{"minecraft:killed":{"minecraft:player":1},"minecraft:used":{"minecraft:netherite_sword":4,"minecraft:golden_apple":2,"minecraft:potion":2,"minecraft:command_block":2,"minecraft:oak_button":1},"minecraft:custom":{"minecraft:time_since_rest":14393,"minecraft:damage_taken":1266,"minecraft:crouch_one_cm":139,"minecraft:sprint_one_cm":85,"minecraft:play_time":237550,"minecraft:deaths":4,"minecraft:walk_one_cm":17886,"minecraft:sneak_time":265,"minecraft:jump":155,"minecraft:damage_dealt":230,"minecraft:leave_game":30,"minecraft:time_since_death":14390,"minecraft:total_world_time":237550,"minecraft:fly_one_cm":30329,"minecraft:player_kills":1},"minecraft:picked_up":{"minecraft:stone":1,"minecraft:netherite_sword":1,"minecraft:golden_apple":2,"minecraft:dirt":1},"minecraft:killed_by":{"minecraft:player":4},"minecraft:mined":{"minecraft:short_grass":1}},"DataVersion":3700}