{"stats":{"minecraft:custom":{"minecraft:jump":97,"minecraft:time_since_rest":99265,"minecraft:damage_dealt":10,"minecraft:leave_game":7,"minecraft:play_time":99265,"minecraft:sprint_one_cm":85,"minecraft:damage_taken":185,"minecraft:time_since_death":99265,"minecraft:walk_one_cm":5928,"minecraft:sneak_time":27,"minecraft:total_world_time":99265,"minecraft:fly_one_cm":3070},"minecraft:picked_up":{"minecraft:golden_apple":2},"minecraft:used":{"minecraft:oak_button":1,"minecraft:golden_apple":2,"minecraft:command_block":2}},"DataVersion":3700}