{"stats":{"minecraft:killed":{"minecraft:player":3},"minecraft:killed_by":{"minecraft:player":1},"minecraft:picked_up":{"minecraft:command_block":1,"minecraft:potion":1,"minecraft:spruce_button":1,"minecraft:grass_block":1,"minecraft:oak_leaves":1},"minecraft:used":{"minecraft:wooden_sword":2,"minecraft:potion":1,"minecraft:terracotta":1,"minecraft:orange_terracotta":1},"minecraft:mined":{"minecraft:short_grass":2,"minecraft:grass_block":1,"minecraft:dirt":1,"minecraft:oak_leaves":2},"minecraft:dropped":{"minecraft:potion":1,"minecraft:spruce_button":1,"minecraft:command_block":2,"minecraft:oak_leaves":1,"minecraft:grass_block":1},"minecraft:custom":{"minecraft:time_since_rest":22141,"minecraft:crouch_one_cm":4669,"minecraft:play_time":30496,"minecraft:sprint_one_cm":24476,"minecraft:walk_one_cm":64555,"minecraft:damage_taken":310,"minecraft:deaths":1,"minecraft:sneak_time":2018,"minecraft:drop":6,"minecraft:jump":454,"minecraft:damage_dealt":204,"minecraft:leave_game":1,"minecraft:time_since_death":22141,"minecraft:total_world_time":30496,"minecraft:fall_one_cm":10854,"minecraft:fly_one_cm":174851,"minecraft:player_kills":3}},"DataVersion":3700}