{"stats":{"minecraft:picked_up":{"minecraft:oak_log":1,"minecraft:grass_block":16,"minecraft:gunpowder":1,"minecraft:command_block":4,"minecraft:rotten_flesh":1,"minecraft:spruce_button":1,"minecraft:oak_button":2,"minecraft:oak_leaves":1},"minecraft:killed_by":{"minecraft:player":3},"minecraft:used":{"minecraft:deepslate_tiles":6,"minecraft:oak_log":1,"minecraft:sea_lantern":8,"minecraft:light_gray_stained_glass":3,"minecraft:flint_and_steel":1,"minecraft:command_block":50,"minecraft:grass_block":52,"minecraft:oak_button":18,"minecraft:barrier":49,"minecraft:spruce_button":2,"minecraft:stone":85,"minecraft:sculk":1,"minecraft:cobblestone_slab":32,"minecraft:oak_leaves":17,"minecraft:glowstone":1,"minecraft:dirt":2,"minecraft:cobblestone":12,"minecraft:potion":1,"minecraft:iron_trapdoor":1,"minecraft:granite":1,"minecraft:obsidian":15},"minecraft:killed":{"minecraft:zombie":1,"minecraft:creeper":1},"minecraft:dropped":{"minecraft:potion":1,"minecraft:golden_apple":2},"minecraft:custom":{"minecraft:time_since_rest":6000,"minecraft:sprint_one_cm":51236,"minecraft:damage_taken":3719,"minecraft:walk_one_cm":259439,"minecraft:mob_kills":2,"minecraft:drop":2,"minecraft:damage_dealt":677,"minecraft:player_kills":1,"minecraft:fly_one_cm":390695,"minecraft:crouch_one_cm":61434,"minecraft:play_time":484102,"minecraft:deaths":58,"minecraft:sneak_time":21490,"minecraft:jump":1794,"minecraft:leave_game":51,"minecraft:time_since_death":5998,"minecraft:climb_one_cm":225,"minecraft:total_world_time":484102,"minecraft:fall_one_cm":34763}},"DataVersion":3700}