{"stats":{"minecraft:used":{"minecraft:deepslate_tiles":10,"minecraft:oak_log":1,"minecraft:sea_lantern":342,"minecraft:light_gray_stained_glass":3,"minecraft:flint_and_steel":1,"minecraft:command_block":50,"minecraft:red_concrete":5,"minecraft:grass_block":52,"minecraft:spruce_button":2,"minecraft:barrier":49,"minecraft:oak_button":19,"minecraft:oak_sign":3,"minecraft:stone":661,"minecraft:sculk":1,"minecraft:lime_dye":1,"minecraft:cobblestone_slab":32,"minecraft:deepslate":1,"minecraft:glow_ink_sac":3,"minecraft:purple_dye":1,"minecraft:oak_leaves":17,"minecraft:cobblestone":12,"minecraft:purple_concrete":2,"minecraft:glowstone":1,"minecraft:dirt":2,"minecraft:lime_concrete":4,"minecraft:potion":3,"minecraft:iron_trapdoor":1,"minecraft:red_dye":1,"minecraft:granite":1,"minecraft:obsidian":15},"minecraft:killed_by":{"minecraft:player":3},"minecraft:dropped":{"minecraft:potion":1,"minecraft:golden_apple":2},"minecraft:killed":{"minecraft:zombie":1,"minecraft:creeper":1},"minecraft:custom":{"minecraft:time_since_rest":1156,"minecraft:sprint_one_cm":62310,"minecraft:damage_taken":3729,"minecraft:walk_one_cm":364314,"minecraft:mob_kills":2,"minecraft:drop":2,"minecraft:damage_dealt":677,"minecraft:player_kills":1,"minecraft:fly_one_cm":825146,"minecraft:crouch_one_cm":74903,"minecraft:play_time":546639,"minecraft:deaths":62,"minecraft:sneak_time":26449,"minecraft:walk_under_water_one_cm":4087,"minecraft:jump":2027,"minecraft:leave_game":52,"minecraft:walk_on_water_one_cm":5172,"minecraft:time_since_death":1154,"minecraft:climb_one_cm":225,"minecraft:total_world_time":546639,"minecraft:fall_one_cm":35098},"minecraft:picked_up":{"minecraft:oak_log":1,"minecraft:grass_block":16,"minecraft:gunpowder":1,"minecraft:command_block":4,"minecraft:rotten_flesh":1,"minecraft:spruce_button":1,"minecraft:oak_button":2,"minecraft:oak_leaves":1}},"DataVersion":3700}