{"stats":{"minecraft:picked_up":{"minecraft:oak_log":1,"minecraft:grass_block":16,"minecraft:gunpowder":1,"minecraft:command_block":4,"minecraft:rotten_flesh":1,"minecraft:spruce_button":1,"minecraft:oak_button":2,"minecraft:oak_leaves":1},"minecraft:killed_by":{"minecraft:player":3},"minecraft:used":{"minecraft:deepslate_tiles":6,"minecraft:oak_log":1,"minecraft:sea_lantern":276,"minecraft:light_gray_stained_glass":3,"minecraft:flint_and_steel":1,"minecraft:command_block":50,"minecraft:red_concrete":5,"minecraft:grass_block":52,"minecraft:oak_button":19,"minecraft:barrier":49,"minecraft:spruce_button":2,"minecraft:oak_sign":3,"minecraft:stone":615,"minecraft:sculk":1,"minecraft:lime_dye":1,"minecraft:purple_dye":1,"minecraft:glow_ink_sac":3,"minecraft:cobblestone_slab":32,"minecraft:oak_leaves":17,"minecraft:purple_concrete":2,"minecraft:glowstone":1,"minecraft:dirt":2,"minecraft:lime_concrete":4,"minecraft:cobblestone":12,"minecraft:potion":1,"minecraft:iron_trapdoor":1,"minecraft:red_dye":1,"minecraft:granite":1,"minecraft:obsidian":15},"minecraft:killed":{"minecraft:zombie":1,"minecraft:creeper":1},"minecraft:dropped":{"minecraft:potion":1,"minecraft:golden_apple":2},"minecraft:custom":{"minecraft:time_since_rest":36000,"minecraft:sprint_one_cm":56950,"minecraft:damage_taken":3719,"minecraft:walk_one_cm":342224,"minecraft:mob_kills":2,"minecraft:drop":2,"minecraft:damage_dealt":677,"minecraft:player_kills":1,"minecraft:fly_one_cm":405569,"minecraft:crouch_one_cm":71204,"minecraft:play_time":514102,"minecraft:deaths":58,"minecraft:sneak_time":23995,"minecraft:jump":1929,"minecraft:leave_game":51,"minecraft:time_since_death":35998,"minecraft:climb_one_cm":225,"minecraft:total_world_time":514102,"minecraft:fall_one_cm":34763}},"DataVersion":3700}