{"stats":{"minecraft:dropped":{"minecraft:netherite_sword":1,"minecraft:potion":3,"minecraft:golden_apple":2},"minecraft:mined":{"minecraft:fire":1,"minecraft:dead_bush":1},"minecraft:killed":{"minecraft:trader_llama":2,"minecraft:zombie":1,"minecraft:wandering_trader":1,"minecraft:player":4,"minecraft:creeper":1},"minecraft:picked_up":{"minecraft:stone":1,"minecraft:leather":1,"minecraft:lead":1,"minecraft:potion":4,"minecraft:oak_log":1,"minecraft:grass_block":16,"minecraft:gunpowder":1,"minecraft:dirt":1,"minecraft:rotten_flesh":1,"minecraft:command_block":5,"minecraft:diamond_chestplate":1,"minecraft:netherite_sword":3,"minecraft:spruce_button":1,"minecraft:oak_button":3,"minecraft:diamond_helmet":1,"minecraft:oak_leaves":1},"minecraft:killed_by":{"minecraft:player":4},"minecraft:custom":{"minecraft:time_since_rest":65396,"minecraft:sprint_one_cm":125480,"minecraft:damage_taken":4289,"minecraft:walk_one_cm":716868,"minecraft:mob_kills":5,"minecraft:drop":5,"minecraft:damage_dealt":2222,"minecraft:fly_one_cm":1781993,"minecraft:player_kills":5,"minecraft:crouch_one_cm":157919,"minecraft:play_time":1033458,"minecraft:deaths":73,"minecraft:sneak_time":54132,"minecraft:walk_under_water_one_cm":4087,"minecraft:jump":3740,"minecraft:leave_game":94,"minecraft:walk_on_water_one_cm":5172,"minecraft:time_since_death":65393,"minecraft:climb_one_cm":225,"minecraft:total_world_time":1033458,"minecraft:fall_one_cm":41650},"minecraft:used":{"minecraft:deepslate_tiles":10,"minecraft:oak_log":1,"minecraft:netherite_sword":13,"minecraft:lever":3,"minecraft:sea_lantern":368,"minecraft:light_gray_stained_glass":3,"minecraft:flint_and_steel":2,"minecraft:command_block":65,"minecraft:red_concrete":5,"minecraft:spruce_button":2,"minecraft:grass_block":52,"minecraft:barrier":49,"minecraft:oak_button":26,"minecraft:oak_sign":3,"minecraft:chest":6,"minecraft:red_terracotta":189,"minecraft:stone":670,"minecraft:sculk":1,"minecraft:lime_dye":1,"minecraft:cobblestone_slab":32,"minecraft:deepslate":134,"minecraft:glow_ink_sac":3,"minecraft:purple_dye":1,"minecraft:terracotta":119,"minecraft:cobblestone":12,"minecraft:oak_leaves":17,"minecraft:diamond_chestplate":2,"minecraft:purple_concrete":2,"minecraft:potion":11,"minecraft:glowstone":1,"minecraft:dirt":5,"minecraft:lime_concrete":4,"travelersbackpack:standard":4,"minecraft:iron_trapdoor":1,"minecraft:deepslate_tile_slab":5,"minecraft:diamond_helmet":2,"minecraft:gray_concrete":1257,"minecraft:red_dye":1,"minecraft:granite":1,"minecraft:obsidian":15}},"DataVersion":3700}